CustomerID,Age,Gender,Location,ProductCategory,PurchaseAmount,PaymentMethod,PurchaseDate,DeviceUsed,ReturningCustomer
e555349c-0446-41fc-a343-188e4cbc226a,38,Male,Germany,Books,1969.04,PayPal,2024-08-29,Desktop,Yes
042dd0c7-b4ab-42f5-bd1c-04795a375acd,70,Female,Canada,Sports,464.76,Cash,2025-03-23,Mobile,No
300b7393-3eff-4268-91d5-97c97fc02a36,70,Male,India,Books,1724.29,PayPal,2024-04-05,Mobile,No
a6dc41cf-8117-4df3-aa63-fe9729fb8143,41,Male,Australia,Sports,58.1,Debit Card,2025-12-17,Mobile,No
d6369cb1-736d-409e-8276-bd5101928553,24,Female,Canada,Clothing,1571.8,Credit Card,2024-11-10,Desktop,No
5ca7ab3d-7f8e-4837-8dcc-f9719c3fcc35,53,Male,UK,Sports,880.5,Credit Card,2025-01-31,Tablet,Yes
429f0681-bc60-4fed-b6d0-cfe084315a5f,37,Female,USA,Home,1577.19,Credit Card,2024-08-27,Mobile,No
1d2c8988-5e40-4808-a514-37469e7fda62,49,Male,India,Clothing,1279.79,Credit Card,2024-07-18,Mobile,No
ad8c9ed5-1814-42ae-88a1-6184a51fa49d,44,Male,Australia,Books,877.9,Credit Card,2024-04-05,Tablet,Yes
bf684e3f-94d5-40e4-bcbd-ec44a980fd29,34,Male,USA,Electronics,209.9,Debit Card,2024-06-21,Tablet,No
dcbf52d2-df30-41e5-b242-426ca04fa401,51,Female,UK,Clothing,1162.99,Credit Card,2025-08-22,Tablet,No
702fdbe1-9554-40fd-8eea-3db153f178fd,22,Male,UK,Home,64.15,PayPal,2025-02-05,Desktop,Yes
e0e9287c-1fb4-4e16-b43f-4a0fe3d5c53a,70,Female,UK,Clothing,626.8,Credit Card,2025-03-13,Desktop,No
6f013820-0cc8-481f-a75a-271c3f8e7f5c,45,Female,USA,Electronics,909.69,Cash,2025-07-15,Mobile,No
6026bbdd-44cd-4274-9557-0cce4dd191f7,27,Female,Germany,Home,1889.78,Cash,2024-04-27,Mobile,Yes
6562065c-2a25-4d83-aeab-a968ba512ea8,26,Female,UK,Sports,1249.61,Debit Card,2024-10-02,Desktop,Yes
a46f47f3-6e99-4b1c-9665-d7cfa0d8e095,41,Male,Australia,Electronics,1926.33,Cash,2024-08-22,Desktop,No
bd29ff15-6f82-4649-b4f6-d52f9f7f829d,34,Male,Canada,Home,1051.01,Credit Card,2025-02-10,Mobile,Yes
09909101-2995-4cc8-93a5-b5faaa38c130,45,Female,Australia,Books,1896.1,Debit Card,2025-07-26,Tablet,No
2bf38d91-24de-428a-a4c3-099d145fe09c,59,Female,Canada,Electronics,135.0,Debit Card,2024-03-18,Tablet,No
dd664f75-7f15-44af-996b-dda123ab6de1,28,Male,USA,Clothing,1890.16,PayPal,2024-03-21,Desktop,Yes
34909f80-9d7e-432f-a1d3-93eff0c46718,20,Male,Germany,Home,1260.05,Cash,2024-07-22,Tablet,Yes
409336ec-876c-48e3-b6e8-f3fe65c32ed9,30,Female,UK,Clothing,1528.95,Credit Card,2025-09-06,Desktop,No
1241ca14-52a0-4b55-8685-7a117356f76a,27,Female,Australia,Sports,342.11,Cash,2024-09-23,Tablet,Yes
a18447f2-bf60-48ac-89e1-b903ba478726,50,Female,Australia,Electronics,1451.17,Debit Card,2025-05-13,Desktop,No
a5b31bbc-d5c8-453f-b6b2-93d20ac41335,56,Male,India,Clothing,1006.24,PayPal,2024-04-26,Mobile,Yes
c79c5420-5824-412b-8bdc-3d9c5672b034,55,Female,UK,Sports,585.85,Credit Card,2025-05-21,Mobile,Yes
cb288bc5-81ce-4e48-a8be-3fa49424f374,31,Female,Germany,Electronics,645.85,Credit Card,2025-03-23,Desktop,Yes
ad86290f-2d72-4414-bd7a-8107c6439dcb,62,Female,USA,Home,1525.7,PayPal,2024-08-27,Desktop,Yes
2c747d9d-17f2-4180-884a-c0dc18e987fd,20,Female,USA,Books,905.27,Credit Card,2024-12-15,Mobile,Yes
fd174d46-7c05-472a-bc05-f37b26957910,18,Male,UK,Clothing,1757.92,Debit Card,2025-06-19,Tablet,Yes
4c558ed4-197c-4537-ab1a-8024ac200cb9,33,Male,Australia,Electronics,1681.94,Credit Card,2025-06-12,Desktop,No
cafb2dd3-7c78-4836-8b76-e99485b05f59,43,Male,Canada,Home,1630.01,Credit Card,2024-05-22,Tablet,Yes
7f35aab8-23be-4de5-8573-10fdfc477e58,53,Male,USA,Home,1343.03,PayPal,2024-12-30,Mobile,No
c4c74963-919b-4cf7-8ff6-ab33b9590191,45,Female,USA,Books,768.95,Cash,2025-02-27,Tablet,Yes
92016081-5275-4338-a257-042daa836489,63,Female,Germany,Books,531.41,Cash,2025-09-20,Tablet,Yes
fa764b7c-74ef-4fb5-bb9c-4758661bb333,64,Female,UK,Clothing,1888.21,Debit Card,2025-05-26,Mobile,No
ce6ba36a-41d5-4e09-a952-d41d619126a4,50,Female,Canada,Sports,763.65,Credit Card,2024-04-13,Desktop,No
302e540c-a8c4-4a46-95be-ac4639241de2,21,Female,India,Clothing,312.51,Debit Card,2025-08-05,Tablet,No
e7c12dfb-0b6e-431c-84fc-e5dab2aa12c8,60,Male,Germany,Sports,505.21,PayPal,2025-12-24,Desktop,Yes
8014e48d-7ad7-4f25-98a2-287b6549718b,36,Female,Australia,Electronics,1220.05,Credit Card,2024-10-03,Desktop,No
75f84f4e-acde-4ba2-9f55-22c232ca4538,33,Female,UK,Clothing,291.52,Debit Card,2024-04-20,Mobile,No
f86623bb-66ce-4db8-9309-feb37bcd4123,41,Male,USA,Sports,1225.41,Credit Card,2025-06-20,Mobile,Yes
8a01b836-4044-4c49-bef4-adae77ddad10,64,Male,Canada,Electronics,1218.7,PayPal,2024-04-14,Tablet,Yes
15ec8d0c-8202-4c7f-b7ed-67c62889f470,43,Female,Canada,Books,1688.4,Cash,2025-04-23,Tablet,Yes
4cec2c70-c395-455a-aae7-d6d362fd939b,29,Male,UK,Books,1972.77,Cash,2024-03-11,Desktop,No
f38fd1dd-e6bc-4ab6-965d-39361272daad,42,Male,UK,Sports,1848.86,Debit Card,2024-04-28,Desktop,Yes
0831c7f8-0588-4dfb-a181-3883e4708a69,62,Female,UK,Clothing,1587.37,Credit Card,2025-08-02,Desktop,No
88137a04-597f-4cd9-8f7e-a4f0328d283c,51,Male,Australia,Sports,868.06,Cash,2024-07-29,Desktop,Yes
8f1e80fc-a446-4e29-82e4-9e104b90cc1b,22,Male,India,Clothing,1856.68,Debit Card,2024-05-03,Mobile,No
2c9d1501-2faa-43e1-b219-44361b594118,55,Male,USA,Clothing,619.02,Cash,2024-03-23,Tablet,No
d6876221-4392-4645-82b3-c21669325ef4,28,Female,India,Sports,156.41,PayPal,2024-12-26,Mobile,No
f86b9d42-6cf8-443c-b287-09477bbf94d4,57,Female,Canada,Clothing,1066.09,Credit Card,2024-02-22,Desktop,Yes
37adb44a-17b8-437c-9a42-d502112026f2,57,Male,India,Sports,1007.03,Credit Card,2025-12-31,Tablet,No
6a0f3921-8b0e-4921-89e8-1d1f64c8a6a8,22,Male,UK,Electronics,213.87,Cash,2025-02-09,Tablet,No
e2862d0e-f7ed-4ac3-8012-fcda336765c0,69,Female,Germany,Books,1488.01,Debit Card,2024-08-19,Mobile,Yes
e63523f7-80c5-4bc8-a29b-23adcbf51344,30,Male,USA,Electronics,294.19,Cash,2025-11-22,Desktop,Yes
19c02dca-d1ac-4188-b174-8fd203adb23e,32,Male,USA,Electronics,1068.03,PayPal,2025-04-10,Desktop,No
89020fc4-8628-4c5f-8b91-62fef3b328fd,58,Female,Australia,Sports,1481.51,Credit Card,2025-10-06,Desktop,Yes
3a97f03a-a79c-45b7-8086-05b07b8e360a,32,Female,UK,Electronics,1877.75,Debit Card,2024-05-26,Mobile,No
86f77d4d-9855-4bb4-8d71-1f8dcaa1cc4d,23,Female,USA,Books,1465.61,PayPal,2024-05-24,Tablet,Yes
70caa1c9-4cd9-4766-84fb-b572906447db,62,Male,Germany,Clothing,1952.1,Cash,2025-10-10,Tablet,Yes
4dbd28ba-bf8c-4eec-999e-c6ee435db7e8,63,Male,India,Clothing,1413.04,Cash,2025-07-03,Mobile,Yes
ddc5d6ed-7680-4633-96e8-bc18a668f470,55,Male,USA,Sports,667.65,Cash,2025-01-23,Mobile,No
3e742026-9080-470a-a62f-6334925bbef8,33,Female,USA,Home,53.55,PayPal,2024-12-30,Tablet,Yes
6545dc28-440c-4fe1-88e2-784a17b30d60,49,Male,UK,Books,747.3,Debit Card,2024-01-14,Tablet,No
480d2f8d-e7c7-4834-95b9-43314f3b63c3,70,Male,Canada,Electronics,883.38,PayPal,2025-02-11,Mobile,No
e2e054de-2fc3-4434-b195-6909e19c795b,35,Female,USA,Home,1129.84,PayPal,2024-04-22,Desktop,Yes
37a31b98-a74d-48a1-b1ed-c673fe72bcb3,51,Male,India,Clothing,108.76,PayPal,2024-01-27,Tablet,No
636aad2d-043a-4f61-a4b5-7d7bc653c3ae,20,Male,Germany,Home,756.17,Credit Card,2024-04-19,Tablet,No
1a963fe3-615c-4e38-988f-2dd136c484e1,46,Female,USA,Electronics,1035.75,Credit Card,2025-11-29,Tablet,No
f2825a98-11fd-43d6-825a-e7e5f58282bb,64,Female,Australia,Books,112.16,Credit Card,2025-12-14,Mobile,Yes
5e65c794-01af-44b1-9e9a-9e101294a869,36,Male,USA,Home,1554.42,PayPal,2025-04-28,Mobile,No
101bdf1f-7d12-489f-bf55-1503a39cb1a0,47,Female,USA,Electronics,1358.83,Debit Card,2025-06-01,Mobile,No
752d942b-aedd-4835-84bb-0298e2176160,24,Male,Australia,Books,1697.32,Credit Card,2024-06-22,Desktop,Yes
41855291-a728-4c60-bdb6-63654a15bf66,45,Female,Canada,Home,978.55,Debit Card,2024-06-07,Desktop,Yes
bdb7d28b-4669-471f-85c1-96148631f352,64,Female,USA,Books,1444.18,Credit Card,2025-07-29,Tablet,Yes
87b85847-d7de-492e-b58b-b4356330b30a,57,Female,India,Sports,1297.45,Credit Card,2024-10-22,Tablet,Yes
cdeb518a-0439-49c3-9959-15c52dfe3574,66,Female,USA,Clothing,160.97,PayPal,2025-01-27,Tablet,Yes
c4a1e2bd-9f27-409a-bde9-cc7c7944e386,52,Female,USA,Electronics,533.81,Credit Card,2024-07-20,Mobile,No
d529dfd5-bc6b-47bb-b464-b224035cd114,31,Male,Australia,Home,990.45,Cash,2025-12-20,Desktop,No
ca2e3222-c052-4431-9f03-6575dda5007b,64,Male,India,Electronics,1058.14,Credit Card,2024-05-21,Mobile,No
6ca44c23-df38-454c-988d-6a1f0a566255,27,Male,Germany,Books,1458.89,Debit Card,2025-08-12,Desktop,No
b8fe791f-0a92-429b-b0ec-947d83b4c962,64,Male,Germany,Home,868.14,Debit Card,2025-10-01,Mobile,Yes
d1b01aff-c371-4523-8365-fb8ab4f6f6a9,64,Female,India,Books,205.41,Credit Card,2025-03-01,Tablet,Yes
a74d0750-dc7a-4692-b825-b3be788a1acd,28,Male,India,Clothing,1703.46,Cash,2025-08-22,Desktop,No
bbd59851-0d05-4672-bd81-18d0a2d8aa24,64,Male,UK,Electronics,638.71,PayPal,2024-07-21,Desktop,Yes
57f5bd21-0f4f-4a4c-8c17-5c5f1b7785a1,64,Male,UK,Home,902.48,Credit Card,2024-02-16,Mobile,Yes
1cac73c3-1bb9-468a-9d54-b110e9536866,24,Female,Australia,Books,406.56,Cash,2024-05-18,Desktop,Yes
5c7ca4d4-1558-4133-bad1-9075996d1e0e,40,Male,Germany,Books,320.32,Credit Card,2024-06-02,Desktop,No
e03fb0e2-6e87-4bcd-889e-9d47f985576d,46,Male,USA,Electronics,650.59,Cash,2025-12-30,Mobile,No
69b5dce9-3d57-4e1a-b3a0-f8731f78fbcb,36,Male,Canada,Home,1269.38,Credit Card,2024-01-24,Desktop,Yes
97c1bb32-372e-48c4-9024-0d8b09d1cd44,63,Female,UK,Clothing,200.05,Debit Card,2025-06-04,Tablet,Yes
1b2e2659-75c2-4fbd-9699-ca3098de8a3d,60,Female,Canada,Books,1542.01,Cash,2025-02-08,Mobile,No
425a7ee4-112c-4875-bc14-5395e95e36df,51,Male,India,Home,1819.23,Credit Card,2024-06-08,Mobile,Yes
3a0625da-7c44-4e9f-b2d2-6d36ce4426ab,46,Female,Australia,Books,1539.59,Credit Card,2024-12-16,Desktop,No
96ca19a8-6cac-43b5-8e6f-8940a348e017,64,Female,UK,Electronics,158.64,Cash,2024-07-19,Mobile,Yes
b6501c24-f642-4cd8-9c2a-ab88c6476d48,18,Male,Australia,Books,1775.47,PayPal,2025-08-24,Mobile,Yes
2ed5d0c9-7fa5-4067-8d7e-219c454c71fc,39,Male,Canada,Home,1578.39,Cash,2025-04-25,Mobile,Yes
dbbe0814-6d1b-40ea-941a-8a6533c064bf,48,Male,India,Books,211.4,Debit Card,2025-05-09,Desktop,No
cba6ea35-9b9a-477d-85f5-74c7cabb4833,48,Female,India,Sports,1427.34,Credit Card,2025-04-04,Desktop,No
c8bdd4b0-c38f-4ac9-8051-2521accd1cd6,69,Female,UK,Electronics,151.94,Cash,2024-08-17,Tablet,No
cc13435d-b284-4105-8aef-4726bc023e65,58,Male,Canada,Sports,1363.04,Debit Card,2025-10-24,Mobile,No
de8ce2a7-375a-41fa-b743-d6a693f6b1c8,36,Female,Australia,Electronics,1216.02,PayPal,2025-12-27,Tablet,No
947a58bb-7c1a-4cb6-b978-53b92a4a390b,60,Male,Canada,Home,1486.46,Debit Card,2025-02-20,Desktop,No
b9e19b8b-78f9-4396-a2ea-d497ef2f20aa,29,Male,USA,Home,1102.83,Debit Card,2025-07-24,Mobile,Yes
777f7195-83d1-487f-97ce-9727826f560b,36,Female,Canada,Sports,1226.75,PayPal,2025-03-03,Tablet,Yes
ceca29b7-bf76-448d-8ac3-650d12ecbce0,46,Female,USA,Clothing,1109.74,Cash,2024-05-24,Desktop,Yes
07fe9b8f-58f4-478e-a6ca-7ea6f35e9ae0,70,Female,USA,Home,848.15,PayPal,2024-03-09,Tablet,No
7f8b2cfe-277b-4919-8a94-36508c8f0fb0,28,Female,India,Books,1913.11,Debit Card,2024-12-30,Mobile,Yes
fd6dc76c-12fa-4279-82d8-26263bea64e9,70,Male,Germany,Books,439.37,Debit Card,2025-11-11,Desktop,Yes
ba52f1a4-0b27-481b-928e-5d3e6c68ffbf,45,Female,UK,Electronics,596.89,Cash,2024-02-20,Tablet,No
5b1b189c-ad06-4e17-89c6-10aedde86815,64,Male,Australia,Sports,1167.87,PayPal,2024-02-23,Mobile,No
8932ea80-4a57-442d-95d9-0a1032b4c206,39,Female,Germany,Books,406.32,PayPal,2025-08-01,Mobile,No
4176b769-0868-457d-85f9-66f97c9caf7c,50,Female,USA,Home,1809.25,PayPal,2024-06-24,Mobile,Yes
449f182f-066c-4c75-a2c3-58ed1fbef12f,67,Male,Australia,Clothing,1913.2,PayPal,2025-07-12,Desktop,Yes
eb07f8cc-ac5f-4edf-a1da-e11ec9dd173c,49,Male,Canada,Clothing,111.61,Debit Card,2024-09-09,Desktop,No
d6fa281e-46ba-45bd-9c52-4f40edfc52eb,64,Female,USA,Books,1760.01,PayPal,2024-09-02,Mobile,Yes
bcdd183f-9a07-4567-9829-788d8d4e50e5,22,Male,UK,Electronics,1340.87,Debit Card,2025-06-06,Desktop,Yes
96d26416-3001-44af-9378-3cc5655fa038,39,Female,Australia,Books,426.11,PayPal,2025-11-12,Tablet,No
ffec8f71-aa57-4be8-88e0-7662ad4a4fb4,23,Female,UK,Sports,1424.9,Credit Card,2024-07-22,Mobile,No
cc298312-a074-495e-bc38-361ca7676aaf,20,Male,USA,Clothing,559.95,Credit Card,2025-06-26,Tablet,No
5530acea-c7cf-478e-8e12-bfb00b8e980f,62,Male,USA,Sports,1015.32,PayPal,2025-07-12,Mobile,Yes
f53a7d1f-8b19-4400-bd23-84677d29e9dc,62,Male,Canada,Clothing,375.3,Cash,2024-06-01,Desktop,No
a368344d-bf85-4a9b-824e-6d858c63088d,25,Female,USA,Books,1272.72,Debit Card,2025-04-22,Mobile,No
54a119fd-6deb-4347-bfbb-cf1e703c8209,46,Male,India,Sports,449.82,Cash,2025-12-31,Desktop,Yes
3793f7ac-0eb0-4c4f-a972-237917a47fed,51,Female,Australia,Home,419.35,Cash,2024-05-19,Desktop,No
f29b60a3-5353-4eb0-bb98-a07b140cb403,60,Male,Australia,Books,1652.37,Cash,2024-09-29,Tablet,No
6bd0a4d2-630f-43a1-be1b-a8450d3406be,67,Female,UK,Clothing,1993.69,Debit Card,2024-04-18,Mobile,Yes
49968ac4-55de-4a05-9491-dfbfceb2c6f6,40,Male,USA,Clothing,663.91,PayPal,2025-02-23,Desktop,No
36a8c2f8-b41c-4750-9b29-af0ffe02244a,40,Female,UK,Books,662.28,Credit Card,2024-08-20,Mobile,No
4009014a-5033-43ca-a172-ae26d28c6dc6,38,Female,Canada,Clothing,1972.58,Credit Card,2025-10-18,Desktop,No
394365c8-bd68-4e4d-954d-1694d611d89b,26,Male,USA,Electronics,921.73,Debit Card,2024-05-04,Mobile,Yes
41b01d4d-e327-453f-a7ea-4959e5ff56a0,69,Female,Canada,Electronics,1987.07,PayPal,2025-03-05,Desktop,Yes
cfe93df0-064c-4b68-9c6e-9075bda2e362,37,Male,UK,Home,1108.17,Cash,2024-06-29,Desktop,Yes
4c8b4812-d950-45b9-80f4-959dfd7bd35e,70,Female,UK,Electronics,692.26,Credit Card,2024-05-02,Tablet,No
0ffdb933-11a2-4f06-90ea-101e03920fe1,18,Male,Australia,Sports,1005.68,PayPal,2025-04-07,Mobile,No
c65f5bc0-755f-4a3e-b969-af7a280b9518,57,Male,USA,Books,1336.03,PayPal,2025-11-21,Mobile,No
29253592-57ba-4de5-b334-84a1dfedb93c,42,Male,India,Sports,908.65,PayPal,2024-10-26,Tablet,Yes
c8c75a47-5448-4629-98b5-bb20fdc47d37,41,Female,Australia,Clothing,302.05,Cash,2025-07-21,Mobile,No
2b021039-0d7b-4ad2-9d46-e635b7d5ca58,70,Female,UK,Books,744.09,Debit Card,2024-03-20,Desktop,Yes
e4272665-ebd6-48bb-9437-18a9108cd5d6,49,Female,USA,Clothing,1840.99,Credit Card,2025-06-09,Mobile,No
725a82f8-1f10-48eb-9e28-ef6967f4e8b2,23,Female,Australia,Clothing,1588.97,Debit Card,2025-09-07,Mobile,Yes
f5fa2af7-2a15-4a28-9b8f-63e9fb21cec8,22,Male,Germany,Books,1285.13,Cash,2025-04-12,Mobile,Yes
3af00006-b725-4571-b68e-4cfc542a1e64,61,Female,UK,Books,1940.23,Cash,2025-05-22,Mobile,Yes
42876d63-bd24-46c0-892d-02c4db812fd3,56,Female,USA,Clothing,1438.81,Debit Card,2025-10-05,Tablet,No
5c6acfee-e0c0-4160-a263-bd2b24972024,47,Female,UK,Home,1246.01,Credit Card,2025-11-15,Tablet,No
fdc1101f-af59-481c-81fe-91d2e3103134,18,Female,Germany,Sports,1804.31,Cash,2024-12-09,Desktop,No
32dfcd94-1552-4f9a-9966-eeca8bf7b3a6,50,Female,UK,Electronics,1445.86,Credit Card,2024-05-29,Desktop,Yes
1b1f6dab-cee3-4613-a6ed-eaf1282ac467,32,Female,UK,Sports,1918.12,Cash,2025-02-15,Tablet,No
5267628e-c832-4be2-b5fa-97d52d1772c3,56,Female,India,Home,273.94,Credit Card,2024-01-24,Mobile,No
18b45ea7-4480-4209-ae8c-5c3da4a0a6ad,21,Male,India,Sports,1198.3,Credit Card,2025-10-19,Desktop,Yes
7d29927f-4e16-4771-8d0c-87b7a6c4dc61,42,Male,Germany,Clothing,548.21,Cash,2024-12-13,Desktop,No
ddded5c5-3111-4392-a22e-56a0055c20ee,50,Male,India,Sports,133.72,PayPal,2025-06-14,Mobile,No
b6424dc6-a01c-41da-ac4f-dbc5513122f4,21,Female,Germany,Home,465.76,Debit Card,2024-01-08,Tablet,Yes
d68c9eb5-548d-45fd-8bcf-b92d0ecf02e9,29,Female,USA,Clothing,1978.66,Debit Card,2024-08-12,Tablet,No
fb4834ff-5be1-42d2-b636-56b4a54d7b0c,22,Male,Australia,Sports,1403.27,Credit Card,2024-05-11,Mobile,No
82226dd4-fc53-4e9a-bc0d-6351f21a1730,34,Male,Canada,Books,823.79,Credit Card,2024-01-21,Mobile,Yes
1ee04499-5d4a-4333-bcdf-bfdd9a9d3137,24,Female,Canada,Electronics,1135.57,Debit Card,2024-10-28,Mobile,Yes
d87b618e-3063-4a8b-ae9a-75e2edec9a35,30,Female,UK,Home,437.95,PayPal,2024-07-08,Tablet,Yes
175c2f99-76c7-44f8-b667-728088197f30,36,Female,Canada,Electronics,987.75,Credit Card,2025-10-13,Mobile,Yes
fe9dda24-8cab-4900-9b55-89d51f005ac4,53,Male,Germany,Sports,1275.46,PayPal,2024-09-20,Desktop,No
5f5e5bb5-00ec-46e2-8a2d-b147ca8a576d,18,Male,UK,Electronics,941.74,Cash,2025-09-27,Desktop,Yes
24973854-7685-44d9-ac1d-9ceb5c686b5f,47,Female,Germany,Clothing,383.95,Credit Card,2024-07-06,Tablet,Yes
b9596fed-14f3-45a9-8eaa-31da58ffb3f5,56,Male,Australia,Books,162.68,PayPal,2025-12-12,Mobile,Yes
2ea574cf-bbd8-4208-95e0-1b46b3b0a8f6,40,Male,USA,Clothing,703.46,Debit Card,2025-05-06,Tablet,No
3d9c87d5-be0e-4b88-95e2-29e209a4e061,65,Male,India,Sports,1067.66,Cash,2024-05-06,Tablet,Yes
bc3fde6b-be08-4791-89e2-1acf85a963fb,36,Male,Australia,Electronics,1461.41,PayPal,2025-02-18,Mobile,Yes
af8e6682-56c4-45e1-8976-b7542c14ff96,47,Female,UK,Books,1648.95,Credit Card,2024-07-28,Tablet,No
2459d0ab-0906-48f0-9659-14ba88bd09de,49,Male,Australia,Clothing,797.32,Cash,2024-10-23,Desktop,No
e12ce6a2-518b-4eb5-984d-60e657723181,57,Male,Australia,Home,867.91,Credit Card,2024-10-11,Tablet,Yes
e30f11ac-dd25-436f-ad26-bdf0e5385686,21,Female,Canada,Clothing,1648.21,Debit Card,2025-02-04,Tablet,Yes
4abaaad4-5d57-4365-9c0f-14366a6e30ad,21,Female,India,Books,1737.62,Credit Card,2024-12-22,Mobile,No
6b6b3e88-ced3-4081-adec-d031b1b7c3a7,29,Male,Australia,Electronics,1758.57,Debit Card,2024-02-06,Tablet,Yes
2a3ac8e9-2aaa-4c31-a904-21e75be65a14,21,Male,India,Clothing,763.95,PayPal,2024-02-25,Desktop,Yes
5599237c-15f9-4d38-a6cf-7fd3a1c2d88b,67,Female,Germany,Clothing,322.92,Cash,2025-06-02,Mobile,Yes
2862e6ee-75f3-40d6-99ba-6dc9163aef31,22,Male,Canada,Sports,884.75,Credit Card,2025-09-05,Desktop,No
cf9267c6-3807-435c-b14c-db0e0669bcca,67,Male,India,Clothing,1190.04,Credit Card,2025-10-27,Tablet,Yes
2d1ff22b-d393-4c02-b21b-44e97c515262,48,Male,Canada,Home,869.02,PayPal,2024-05-02,Mobile,No
a6ac35b7-12ce-4556-b8b0-40a710afce61,22,Male,Germany,Electronics,510.94,Debit Card,2025-11-01,Mobile,No
0382b679-3ed2-4b76-a8a6-0abf504778b2,53,Female,Australia,Sports,1730.96,PayPal,2024-08-15,Mobile,Yes
f8b17940-51d7-4b24-9895-5e830e20ebf4,51,Male,Germany,Clothing,1601.03,Cash,2024-02-23,Desktop,Yes
3ff4a3b0-265d-47ac-85d0-3601f222a4c3,36,Male,Germany,Books,943.88,Cash,2025-07-11,Mobile,No
48b8f6f1-7a9f-4820-9212-e942ecc4fdbb,60,Male,Australia,Books,815.11,Credit Card,2025-10-17,Desktop,Yes
5a43aaec-518c-4dfe-a2f2-4c251eaf5359,37,Male,UK,Clothing,349.43,PayPal,2025-09-20,Mobile,No
5b2741de-f386-4738-a4fc-7ea0b457092e,41,Male,Canada,Electronics,820.94,Cash,2025-02-12,Mobile,Yes
f024ab91-6cf3-4393-a7d8-760ee9c43b3f,40,Female,UK,Books,609.44,Debit Card,2025-01-03,Mobile,No
ece6314b-2a5d-4093-8278-f8501457b56b,55,Female,India,Sports,1313.71,Cash,2024-02-12,Desktop,Yes
f9b1208c-9aae-47bc-bfb7-7c7e79d832ec,45,Female,UK,Clothing,155.92,Debit Card,2025-12-04,Mobile,Yes
aa543553-7820-4acb-8b78-b97cf18c9161,48,Female,India,Home,1668.96,PayPal,2024-06-06,Desktop,Yes
3ec23227-f543-448c-9541-eafed065f3f3,60,Female,UK,Sports,1431.69,Cash,2025-02-02,Desktop,Yes
0eefd259-b179-4dc1-bf85-a7630543898b,56,Female,Australia,Home,1587.07,Debit Card,2024-05-26,Desktop,No
bf613543-5649-40d8-930e-cd07f588e48c,49,Male,USA,Electronics,1562.73,Credit Card,2025-09-14,Tablet,Yes
98a55ae1-cf8d-4991-ac07-31d9c95e72ea,39,Female,Germany,Books,275.94,Cash,2024-04-04,Tablet,Yes
fba3ced1-ca2e-4d86-ab2d-3b90b8134587,42,Female,India,Clothing,844.11,Credit Card,2025-07-10,Tablet,No
9613bf1e-c9b5-4c7c-a823-02109711e957,26,Male,Canada,Home,1471.42,Cash,2025-12-17,Desktop,No
8c3c4faf-abd6-4005-bd14-92e6ac8eb4c7,68,Female,India,Electronics,172.33,Cash,2024-07-05,Desktop,No
cd4d9a37-911c-4c15-8cf1-894fe0e018cc,31,Male,USA,Books,571.27,Cash,2024-04-01,Desktop,No
332d29eb-d152-4551-b688-e8cd6d74accb,25,Male,UK,Books,1638.39,Debit Card,2024-06-19,Tablet,Yes
b50636d1-6db3-477a-a461-8c2caf933453,45,Male,Canada,Sports,562.39,Debit Card,2025-03-13,Tablet,Yes
839fd089-852c-4473-835b-c3bd5c4a33f0,18,Male,UK,Books,67.14,PayPal,2024-08-26,Mobile,No
01f20fee-005c-4d18-8361-b4639841004e,42,Male,Canada,Home,1390.59,Debit Card,2024-01-22,Desktop,Yes
3ee5a215-a5f1-4d61-9aeb-6c59b9fa78ef,37,Female,Australia,Home,979.07,Cash,2025-05-11,Mobile,Yes
9c5ca44e-6754-499a-86bc-002d2f5f3afa,68,Male,Australia,Sports,1823.62,PayPal,2025-03-16,Desktop,No
8a648f10-f863-438d-9629-e65f395b2c2a,37,Female,UK,Books,671.05,Debit Card,2024-04-04,Desktop,No
37af4ed0-def7-47f4-a452-89ec740b08f5,68,Male,USA,Sports,1552.75,Debit Card,2025-03-22,Desktop,No
811b8271-9c6d-45c2-a0fb-e148879d68c1,38,Female,India,Home,1232.05,Debit Card,2025-01-21,Tablet,No
1a8dfdd0-7d49-4094-a7e9-ee735064ffca,54,Male,Germany,Sports,662.42,Credit Card,2024-02-14,Desktop,Yes
ed689ef6-00dd-4577-924a-fb4bb125dff1,32,Male,Australia,Books,1654.46,Debit Card,2024-04-16,Mobile,No
a4bfae40-2bf6-46f9-9402-30f91dca6304,46,Female,India,Books,1124.84,Credit Card,2025-02-07,Tablet,Yes
570710e2-a8b1-4834-a2bc-2da55bae9f38,28,Male,Australia,Electronics,371.92,Cash,2025-03-15,Desktop,Yes
a8073643-dd33-49c2-be27-8e26d32ab897,59,Female,Canada,Electronics,167.88,Credit Card,2025-08-29,Tablet,Yes
3fb9543b-4f9d-463b-845f-04115e7baa07,41,Male,Germany,Clothing,787.11,Debit Card,2024-01-25,Desktop,Yes
e00610e1-bc97-4936-b18e-799b093c9858,41,Male,Canada,Sports,377.55,Debit Card,2024-06-02,Mobile,Yes
c8eb28c6-a429-413a-a75b-f9486615e6e9,21,Male,India,Electronics,1193.62,Credit Card,2024-10-26,Tablet,No
c4765ffa-807f-4376-bcc7-d5149602324e,19,Male,India,Books,1244.38,PayPal,2025-07-01,Mobile,Yes
6fac1122-597c-4991-83a2-d4e2adee823c,34,Male,UK,Sports,808.85,Debit Card,2024-04-26,Tablet,No
7530f669-6392-4d3d-ae9f-37d0b391dcb8,21,Female,Canada,Electronics,561.3,Credit Card,2025-05-06,Desktop,Yes
3d6b0725-44fd-43ef-a665-c14647b6095c,54,Female,Germany,Electronics,1356.85,Credit Card,2025-12-30,Mobile,No
eb57410a-e417-4e46-8c98-d6d15579dbfb,59,Female,Germany,Home,599.92,Credit Card,2024-09-04,Tablet,Yes
8912e0f8-6828-4f2b-af8e-a006ee647350,67,Male,UK,Sports,1768.09,PayPal,2025-01-05,Tablet,No
59564b74-897c-4c38-b19b-1b9678d3a386,51,Male,Germany,Books,1689.92,Credit Card,2024-03-29,Tablet,No
37cd75e6-01c3-42f0-91c8-f6307db1a6f4,29,Male,India,Home,1175.13,Debit Card,2024-08-18,Desktop,Yes
8b00957d-b3e1-4269-aaec-bbd62d2b01d1,21,Female,UK,Books,1661.31,Debit Card,2024-02-20,Mobile,No
9a9d1d76-62ed-47c3-a327-470bc7b8b581,57,Male,Canada,Electronics,653.18,Credit Card,2024-12-16,Tablet,No
caced962-af40-41d4-9d1a-22b4ad3e4495,65,Male,India,Electronics,1753.27,PayPal,2024-04-21,Mobile,Yes
a37255f0-9d56-4cd2-9491-2bdd1804bd8c,49,Male,Germany,Electronics,116.7,Debit Card,2025-04-29,Desktop,Yes
526c1abc-7a26-47f6-9770-f0a5800f54ac,63,Female,USA,Home,1183.25,PayPal,2024-04-12,Desktop,Yes
ac79f62a-787c-4cf3-a7c3-5c53759e89fd,21,Male,Canada,Sports,1067.59,Cash,2024-04-02,Mobile,Yes
803b05df-536d-4bc2-9619-aa08f57c0d30,29,Female,India,Clothing,921.07,Debit Card,2024-08-27,Tablet,Yes
0980b3e2-2f77-4140-82b6-9a6c77718328,26,Female,Canada,Home,486.46,PayPal,2025-09-04,Desktop,Yes
1aad1d67-0a90-470b-b6a4-dc293bfe3533,58,Female,India,Clothing,215.87,Debit Card,2024-08-15,Mobile,Yes
45cd63e8-14e5-41e5-9e5a-9700238a351f,44,Male,Germany,Books,1522.95,Credit Card,2024-10-29,Mobile,Yes
35a861b6-e579-4b0f-b9c2-7d322e61e0a9,24,Male,Canada,Electronics,831.68,PayPal,2024-02-09,Mobile,Yes
6157446d-4fd9-4f00-8966-d79b5fa9cecd,20,Female,India,Clothing,1690.45,PayPal,2024-07-20,Desktop,Yes
2b902d5a-2792-4c51-b59d-cc6baacfec2c,31,Male,UK,Electronics,1023.11,Cash,2024-02-11,Tablet,No
0bb0d88f-5a7c-43e9-9627-c2f4bcb02fd2,69,Male,Australia,Clothing,1049.72,Cash,2025-10-21,Desktop,Yes
3c00d861-9150-4e84-8eb2-3bcfef2ef187,25,Female,Australia,Sports,311.57,Credit Card,2025-05-25,Tablet,No
9f085209-7ba3-44b9-b572-a0c80e31d58f,45,Female,Australia,Home,754.12,Cash,2025-10-26,Mobile,No
b127b7a6-9d3a-4910-85fa-646e548225ac,56,Male,India,Electronics,887.85,Cash,2025-06-08,Mobile,No
7501d847-3fff-462d-9b88-f451286cc5c9,37,Female,Australia,Electronics,769.52,PayPal,2024-04-20,Mobile,No
e01d2821-03fd-4c00-a592-fe89661555e8,18,Female,UK,Electronics,607.9,Cash,2025-04-01,Tablet,No
44f73502-66cf-4e45-9049-d4455d74c860,47,Male,Canada,Books,1742.65,Cash,2024-02-17,Mobile,Yes
02d29028-3697-4cea-b95a-e2df805b7fb0,55,Male,Australia,Sports,778.57,Credit Card,2024-04-14,Mobile,No
c221d58c-c3cb-466a-8431-7489017b2a23,68,Male,India,Books,1758.52,Cash,2024-01-22,Mobile,No
b523989c-5bdf-4380-a194-6fd260e5043b,37,Male,USA,Clothing,1014.02,Debit Card,2024-07-07,Mobile,Yes
ce439577-8dad-4994-ab02-a87ee2d0ee08,58,Male,Australia,Sports,902.26,PayPal,2024-07-10,Tablet,Yes
25537b6e-ea4c-4a77-a2ec-3a4a6239c982,23,Female,USA,Home,1960.81,Debit Card,2024-09-29,Tablet,No
ecc94992-9815-4f22-86d8-586a79b41c19,64,Male,Australia,Electronics,1082.52,Credit Card,2024-02-27,Mobile,No
d6687855-3fb4-4323-8e79-bb8dabf1ee5c,33,Male,Germany,Sports,1770.77,Debit Card,2024-10-02,Mobile,Yes
893a8b8c-b6b0-4f90-885e-870251f61729,66,Male,UK,Clothing,1116.1,PayPal,2025-05-02,Desktop,No
04044087-622d-4ec7-a47a-5333391345dd,29,Male,India,Electronics,1497.56,Credit Card,2025-04-13,Tablet,No
f48220bc-3e9a-4f28-a36f-df1e707329f1,39,Male,UK,Books,1032.79,Credit Card,2025-12-15,Tablet,Yes
a98f3eee-a750-43bc-a93e-b0bba6127526,61,Female,Australia,Home,611.95,Credit Card,2025-02-05,Mobile,Yes
64e7ef71-cc35-4c2b-bb6f-b13f5241f942,64,Female,India,Clothing,1388.31,PayPal,2024-04-19,Desktop,Yes
291de9d0-a443-450c-8f08-4904b02d3660,22,Female,UK,Clothing,974.55,Credit Card,2025-12-18,Desktop,No
1c76983d-4e10-4e56-95a7-255f5e6a937b,58,Female,USA,Sports,1660.94,Credit Card,2025-04-07,Desktop,Yes
1f539fc3-5a90-44af-afdf-f84c4080cbfb,45,Male,Germany,Electronics,1164.52,Credit Card,2024-03-08,Desktop,No
af3d4dbd-1178-4dfe-beca-e4660fab3098,57,Male,Australia,Books,468.79,Cash,2024-07-09,Mobile,No
54a19bf8-0afa-40e8-8000-8371ef439263,23,Female,UK,Home,1979.97,PayPal,2025-03-24,Tablet,No
16247260-e413-402d-9901-696962df52c1,43,Female,Germany,Books,233.21,PayPal,2024-03-30,Tablet,Yes
d54ad5ab-28c0-4b07-bd79-6321bb033e66,20,Female,India,Home,1944.21,Cash,2024-11-12,Tablet,No
a6db6562-c106-4a96-a0cd-acd6576c8fb6,25,Female,UK,Home,399.08,PayPal,2025-04-14,Desktop,No
375f5530-666e-47d2-b43d-75573e0366e9,59,Male,UK,Home,1874.41,Credit Card,2025-11-02,Desktop,Yes
3a37ed81-af1d-446f-ab8c-afb2beb8f0c0,63,Female,India,Home,1447.6,Credit Card,2025-10-04,Mobile,Yes
df98f76b-79af-4d91-a8e5-eb9ec6526d14,44,Male,USA,Clothing,712.62,PayPal,2024-10-16,Desktop,No
7f0a99ad-6c1c-4c1b-b526-2d046789cd2a,28,Male,USA,Sports,500.21,Debit Card,2024-09-05,Desktop,Yes
dede6d85-365a-4148-a1b2-ff217bdedfad,56,Male,India,Books,1277.48,PayPal,2025-09-20,Tablet,No
f51f0d71-2f25-43e0-979b-f95973cdb1c8,61,Female,India,Clothing,112.3,Cash,2025-04-03,Tablet,Yes
aa87030a-b0af-4b01-8c82-aa38a9ba122f,43,Male,UK,Home,1847.18,Debit Card,2024-11-03,Mobile,Yes
13e3b3ad-2021-44b0-a66c-d06bd7332e12,59,Male,Canada,Sports,1175.38,Debit Card,2025-02-02,Desktop,No
f48b7de1-d8b4-4d47-a9ee-1dd453343eda,28,Male,Germany,Books,1996.78,PayPal,2024-12-10,Tablet,Yes
0bdba02c-27b6-454a-a5c3-e566ec42ede3,47,Female,India,Sports,328.68,Debit Card,2024-05-14,Tablet,Yes
6c48e3d5-b931-4b16-b169-2257a00681d9,43,Male,Canada,Electronics,1276.28,Credit Card,2024-01-21,Desktop,No
8777a57b-82b4-43c8-b840-7634a04b755d,23,Male,Germany,Sports,415.57,PayPal,2024-03-16,Mobile,Yes
460282f2-d8a9-40bb-b52b-72577f7f0614,37,Female,India,Sports,1845.2,PayPal,2024-05-03,Mobile,Yes
39b7e956-ba9b-47b5-8a1c-35ddf0c5e20d,70,Male,USA,Books,657.95,Debit Card,2025-06-16,Mobile,Yes
271326a7-ebbf-4ea0-bb7d-5bd79470bbe9,28,Male,Australia,Sports,1578.91,Debit Card,2024-04-14,Desktop,No
1315c9c9-e44a-47e5-92f6-5de307951930,68,Male,Canada,Sports,846.66,Debit Card,2024-01-26,Desktop,No
c7903e18-5da7-4ae3-9f0b-af3f2febeeb1,37,Female,USA,Clothing,529.79,Debit Card,2024-05-31,Desktop,Yes
07c098cb-9bcd-4762-b137-35128335b709,25,Male,USA,Home,1452.06,PayPal,2025-09-09,Tablet,No
9a74751f-ea23-48ab-9be3-f6878ca3efee,34,Female,USA,Clothing,1140.14,Credit Card,2025-03-30,Tablet,Yes
c917b912-b296-4ef3-9961-89769584574e,18,Male,USA,Home,1764.0,Cash,2024-01-30,Desktop,Yes
b889b527-3344-4bd3-8efa-6a3c71252b5c,30,Male,Canada,Sports,255.03,Cash,2024-07-27,Tablet,No
8783cac7-2d9a-4e58-9c61-5c2ff8bcbab5,40,Male,Canada,Sports,350.49,Debit Card,2025-09-18,Desktop,No
5fa90b95-1fbd-427c-80e4-5a7847563e99,63,Male,UK,Electronics,966.99,Credit Card,2025-09-23,Tablet,No
13d6228d-7dc8-470f-84ff-765b9c964663,40,Female,Canada,Clothing,1149.56,Credit Card,2024-03-15,Mobile,Yes
03c6f675-4e7d-4131-b9e9-6fccb10541fb,68,Female,UK,Books,1924.63,Cash,2025-06-20,Mobile,Yes
16ef3f3d-5929-4c41-b4cb-e266aab0c3f1,29,Female,Canada,Clothing,1949.24,Debit Card,2025-10-16,Desktop,No
ce21fb1e-5c2e-4e81-ac38-a596df06302a,30,Female,USA,Home,1218.4,PayPal,2025-09-11,Mobile,No
a8f65ac5-3472-449c-ba67-96612eaf1d0e,47,Male,Canada,Clothing,1230.09,Cash,2025-09-06,Desktop,No
b9bcff8a-7ec4-4e1b-960d-7f3565d3064d,29,Male,USA,Clothing,1481.82,Cash,2025-02-25,Mobile,Yes
4d95f0ac-3e1e-4a84-937c-2ce5043e3d1e,43,Female,India,Electronics,227.78,Credit Card,2024-04-17,Desktop,Yes
6f3adcfe-f520-4a20-a41e-a0cd65c60a7a,27,Male,Germany,Electronics,187.32,PayPal,2024-03-12,Tablet,No
a4ac0118-e964-4e24-8d35-f3e89a37b556,70,Female,Germany,Books,502.91,Cash,2025-03-18,Mobile,No
8eb36f08-4e2a-4f64-a824-fbe7232704ba,61,Male,USA,Sports,1690.44,Cash,2024-02-14,Mobile,No
43f7afb1-fe45-429e-bbb2-a56bee972ed6,69,Male,Australia,Electronics,1620.64,Cash,2024-10-17,Mobile,Yes
017a0102-31a0-4b95-ac87-0949fd3b66bd,19,Female,India,Books,1491.1,Cash,2025-09-26,Mobile,Yes
ef527387-1b44-47a5-b3a9-bd93409398ba,46,Female,Australia,Electronics,1581.11,Credit Card,2024-05-18,Desktop,No
2fb47176-47f7-4060-98fa-da9d6176c561,67,Male,USA,Home,1415.63,Credit Card,2025-04-23,Mobile,No
1d4a3841-be3a-4760-be27-ebc10eae753b,54,Male,Australia,Books,266.2,PayPal,2025-02-27,Desktop,No
933b5cf6-ac4c-42b5-8918-3e16ce385780,62,Male,USA,Electronics,1449.11,Credit Card,2025-08-07,Mobile,Yes
06438688-4b3a-45da-a331-08794f805946,52,Female,India,Electronics,323.04,PayPal,2025-06-30,Tablet,Yes
3f5eaf66-21e2-43f6-8aa9-8046999354d5,25,Male,UK,Sports,1220.24,Credit Card,2025-06-05,Desktop,No
f401eb97-5c47-4ece-afe1-118c3572aa40,36,Female,Canada,Home,1277.12,Credit Card,2024-03-27,Desktop,No
1ec304b6-5104-463f-b928-bab8cb6bc385,53,Female,UK,Home,74.4,PayPal,2025-03-13,Desktop,No
08aa1b1e-7ff7-41cd-ba01-62be7cc00e14,68,Female,Australia,Home,58.24,Cash,2024-12-16,Desktop,No
a072b50b-6316-45e9-970f-b5d60162fc65,18,Female,Canada,Electronics,823.5,PayPal,2025-09-03,Desktop,Yes
a62249d5-26cb-4e5f-a64e-f32c3d53a532,31,Male,UK,Home,1419.85,Credit Card,2025-03-31,Desktop,No
7602270e-75d1-4a65-982b-852bc9eda9b2,66,Male,Australia,Electronics,1464.83,Cash,2024-03-03,Tablet,No
487a5e6f-7efa-4a98-b843-d88100f1b25a,39,Female,Germany,Home,1208.4,Debit Card,2025-02-14,Mobile,No
75c9aa43-c39a-44b1-9cf9-27f41afe1fa1,37,Female,Germany,Home,1708.69,Cash,2024-11-22,Mobile,No
95729c1b-454f-4ac8-99c5-5f178b8ab668,30,Male,USA,Sports,1067.05,Cash,2024-11-09,Tablet,Yes
31632695-93f8-4217-945c-a0cc40002b11,65,Female,UK,Sports,808.48,PayPal,2025-01-05,Mobile,Yes
d3914d45-4685-4c88-be71-19ad5d5399ac,53,Female,Germany,Sports,462.53,Credit Card,2025-08-11,Mobile,Yes
6a7b926f-8588-43b3-b1e4-f49ed76154b9,49,Male,USA,Sports,514.86,Credit Card,2024-12-27,Mobile,No
db408416-b6ef-43f8-8bfc-31fced24b3fe,63,Female,UK,Sports,1072.48,Credit Card,2024-07-16,Mobile,Yes
a1eec951-712a-4e57-a15b-b959de07ef44,63,Male,Germany,Electronics,1054.69,Cash,2025-07-11,Desktop,No
c4a24d99-4878-4dd3-88a4-2af9815729d8,18,Male,Australia,Sports,1138.49,PayPal,2025-07-02,Tablet,No
3ea5d746-a89c-4a1f-b811-dad0875e59fa,28,Male,UK,Sports,1456.03,PayPal,2025-07-22,Desktop,Yes
e1d4a4fa-10f8-4683-bd4f-11b0bf6797fd,65,Male,Australia,Home,810.8,PayPal,2025-03-13,Tablet,Yes
b756f5a3-be98-4a51-b1a4-0e3900077294,43,Male,Germany,Books,1405.56,Debit Card,2024-07-23,Tablet,No
c6fd1185-a939-4837-849a-4c1d9e101182,65,Female,Canada,Home,322.97,Cash,2024-12-09,Desktop,No
7b74a7b0-d7d0-4b1b-8c6a-e173d572397a,46,Male,India,Home,1198.86,Debit Card,2025-05-01,Tablet,Yes
87498673-c513-4075-983e-8ba5b8fe300e,23,Female,India,Electronics,1196.45,Credit Card,2025-04-19,Tablet,Yes
bcc95824-7692-4db6-8888-2548d80b6519,24,Female,Germany,Home,1207.92,Credit Card,2024-12-31,Desktop,No
466d85ef-34ea-4b49-ab42-41289eb42488,21,Female,Canada,Electronics,1345.42,Cash,2024-12-05,Desktop,Yes
e96d0768-1943-4974-b5f3-c0de44ac3e03,61,Female,UK,Home,1426.56,Debit Card,2025-09-19,Tablet,No
921be1c5-5ba0-493e-a9f9-eef8256264af,28,Male,Germany,Electronics,1606.93,Cash,2024-08-25,Tablet,No
952ffc5e-37d0-4bc1-9cba-3ae618b53be0,39,Male,Australia,Home,169.72,Debit Card,2024-12-27,Tablet,Yes
4851f6d0-cfad-44fa-b793-af5234566b4e,19,Male,Canada,Sports,331.46,Debit Card,2024-12-08,Desktop,Yes
187c8deb-f703-4dd7-ba75-c2916e4494f0,32,Male,UK,Electronics,807.96,Debit Card,2024-09-24,Mobile,No
ea1dd94a-cb45-40f8-bcd3-e355b756feef,55,Female,Canada,Clothing,1631.17,Cash,2025-06-05,Mobile,Yes
6831cc11-0168-4919-a1a0-873e8d174d67,59,Female,Canada,Books,112.04,Cash,2025-07-15,Desktop,No
83d35676-fec1-4027-9a44-ebd676448dc4,18,Female,UK,Clothing,603.48,Debit Card,2024-08-13,Tablet,Yes
0b69a7f4-a79f-4d4a-aeaa-f0b16650f9a6,67,Male,Australia,Clothing,509.98,Credit Card,2024-10-30,Tablet,Yes
0d4c3853-8c16-4b03-8462-a4dfe9b6a937,62,Male,USA,Clothing,377.0,Cash,2024-06-14,Tablet,No
b7c986bd-3ace-41c7-af98-0444a956a577,51,Male,Canada,Books,144.45,Cash,2025-12-12,Tablet,No
3e7a2bfe-168f-467b-b3aa-c2bc1d791f9d,58,Female,Canada,Electronics,1916.09,Debit Card,2024-01-03,Desktop,Yes
24e1a3a2-340b-4d4c-8b9f-72d5f0799deb,70,Female,UK,Books,417.56,Credit Card,2025-01-22,Mobile,Yes
3d4fece7-d90c-4501-8f60-47391c06bae1,50,Male,India,Books,1623.34,Credit Card,2025-05-13,Mobile,No
c2ae69c6-fec6-4da8-b41d-5f3809042bfb,18,Female,Germany,Sports,1918.72,PayPal,2025-09-05,Tablet,No
67cdeb47-8e37-493b-887f-ac3b75f9d2d8,21,Female,Germany,Sports,743.59,Credit Card,2025-06-01,Mobile,Yes
99da2ac0-becb-4dc5-92de-170f6719d0d1,37,Male,Germany,Home,750.48,PayPal,2025-06-06,Mobile,No
7178d12c-5e76-4915-a3eb-b8ab9a1f6263,49,Female,Germany,Electronics,100.74,Debit Card,2025-06-09,Tablet,Yes
bf4b1590-a8d3-4517-affa-623f800bfeb8,20,Female,USA,Books,1558.59,Debit Card,2024-11-02,Mobile,Yes
cd29ac0d-bccf-4b87-9005-df9fefeb8c74,48,Female,Germany,Sports,949.33,PayPal,2025-02-27,Tablet,Yes
5b24be5a-c90b-4d99-bba2-bb7b66efd337,34,Male,Germany,Clothing,218.65,Cash,2024-06-26,Tablet,No
440e35c1-6322-443c-8338-942f3d3d719e,68,Female,India,Books,717.13,PayPal,2024-11-07,Tablet,Yes
e005eb96-141c-43f5-bf7a-7d1b2438d399,63,Female,UK,Sports,1774.27,Credit Card,2024-01-07,Mobile,No
9254a219-55eb-4ebb-928e-a51becd758f3,37,Male,India,Sports,1119.71,Cash,2024-03-08,Desktop,Yes
6d96004b-36d6-45f7-8f7f-61ce8207988e,45,Female,Germany,Electronics,915.16,Cash,2024-06-04,Mobile,Yes
3154d81e-a280-419c-8c54-d7956afcb6ed,25,Male,India,Sports,1905.39,PayPal,2024-07-05,Mobile,Yes
064a2193-13cf-454f-8fb4-5f15eb071cc9,64,Female,Australia,Electronics,176.33,Cash,2025-05-19,Mobile,No
06ff94af-6ee5-4574-9201-0cb54b85a7c6,62,Male,India,Clothing,1837.11,Debit Card,2025-11-30,Tablet,No
74d23810-e39c-4fff-b1dd-1e1d0a2bd1f8,49,Female,India,Clothing,700.85,Credit Card,2025-07-04,Tablet,Yes
b2550299-bf31-43e9-9233-1ddeb4d3a8a9,28,Male,USA,Clothing,1384.94,Debit Card,2024-01-01,Desktop,No
d94707ce-c316-4545-97d5-3db75c9dee8f,60,Male,Australia,Home,1383.28,Debit Card,2024-04-29,Tablet,Yes
d2583561-f532-4b84-a31f-30c330c41108,27,Male,Canada,Sports,858.24,Debit Card,2024-06-17,Tablet,Yes
0b7fecfd-af6c-40af-95bd-70428bc7a0f5,64,Female,Germany,Books,1888.82,Debit Card,2024-03-29,Desktop,No
8fc6d5cf-a709-412d-83a2-fe8bff625665,42,Male,Germany,Sports,918.42,Debit Card,2025-09-16,Tablet,Yes
eb9ed6c7-9eed-44c5-b965-a836c5224c67,34,Female,Australia,Home,1757.31,Credit Card,2024-10-12,Desktop,Yes
27442469-6964-4cb8-8f18-70b0ca45d755,46,Female,Australia,Sports,449.51,Credit Card,2024-08-22,Tablet,No
638e957c-6b8d-4450-aaba-c7d6900370c5,56,Female,UK,Home,657.84,PayPal,2024-04-13,Tablet,No
f954618b-9db4-4404-b5ef-dec89a84c669,26,Female,India,Electronics,163.66,Cash,2025-11-05,Tablet,No
1cba6294-7d3e-445f-afd6-5517841b24a5,23,Female,Australia,Clothing,1964.92,PayPal,2024-10-10,Tablet,No
7d525372-db8c-4a4e-a66c-a24ca62f895d,27,Female,Canada,Books,80.04,Debit Card,2024-08-11,Desktop,Yes
da566c14-4538-4ec3-bdde-7811dbda3b6e,27,Male,Australia,Home,1855.82,Credit Card,2024-03-31,Desktop,Yes
76e3528a-9074-4057-b7f8-1950b506fc7c,19,Female,Australia,Clothing,125.85,PayPal,2024-05-12,Tablet,Yes
9b9f9cda-8223-4cea-b2db-c56ca09c14fc,30,Male,Germany,Clothing,1416.78,Cash,2024-01-30,Mobile,No
daf06203-63b0-4ac5-aaf2-bf970c4b0022,57,Female,Canada,Home,1449.86,Credit Card,2024-12-29,Mobile,Yes
41af6863-9ac9-4d9f-83e4-7d96be674f69,45,Male,Germany,Books,80.39,Cash,2025-08-11,Mobile,No
9b910667-2f3f-4595-bb98-fa915e49c72d,25,Male,UK,Electronics,300.65,Credit Card,2024-04-25,Desktop,No
e52c6249-b16a-45a9-835f-93ab0d22d119,21,Female,UK,Home,152.48,Credit Card,2024-12-06,Tablet,No
8a665c36-d5a2-4d70-944b-204bd2511ac2,37,Female,USA,Books,1760.46,Debit Card,2025-04-04,Desktop,Yes
7cbdaf9b-1584-4dc6-87e9-db96374f2019,23,Male,USA,Home,1313.67,Credit Card,2025-09-09,Tablet,No
1410ca58-76ee-480d-8dc3-601deaa3bcad,23,Female,UK,Home,620.16,Cash,2025-08-02,Tablet,Yes
1bad4114-595e-475e-85be-2c29e3d14f8a,21,Male,Germany,Sports,1342.28,Debit Card,2025-11-08,Desktop,Yes
5ffcd920-ae1d-43aa-8d4a-697df3208b53,41,Male,USA,Books,422.02,PayPal,2025-03-06,Tablet,No
2b88fc32-aae5-420a-a387-8746f4ad219c,38,Male,USA,Electronics,1188.25,Credit Card,2024-12-17,Desktop,No
d7297776-f790-441c-9e3f-824d1e6e579f,52,Female,UK,Electronics,1000.94,Cash,2024-03-10,Tablet,Yes
57f39ffc-d38e-48ea-b418-44ca51953ded,65,Female,USA,Sports,1458.31,Cash,2025-05-28,Tablet,No
8dea255c-de8d-4226-99d0-56df8eafa833,56,Female,USA,Home,1829.09,Credit Card,2024-01-30,Tablet,Yes
4c327726-4ec7-4d3c-b1a9-4670330fa185,29,Male,UK,Home,1287.42,Debit Card,2024-06-25,Desktop,Yes
0ae9bac4-d277-441d-b298-59a89f26d0bd,43,Female,Canada,Clothing,68.86,Cash,2025-11-05,Desktop,No
332de6b6-00c3-4194-98ed-d3b2d2b57ead,22,Female,Australia,Electronics,1146.37,PayPal,2024-10-17,Mobile,Yes
55d967b3-8bf8-43c3-9b14-34b54d48b47c,18,Female,Australia,Books,1218.97,PayPal,2025-11-05,Tablet,No
18d8dcbf-881d-4d31-ad8a-b4d7ef80537e,48,Female,Canada,Home,217.63,Credit Card,2024-08-04,Mobile,Yes
56018efd-de84-4740-84f4-3f014648d5a9,34,Male,Canada,Home,1855.49,Credit Card,2025-12-02,Tablet,Yes
1733d51f-7ead-462c-83e1-18983af340b5,34,Female,UK,Clothing,1880.46,Debit Card,2025-11-25,Tablet,No
ea5ff259-5349-4676-93cd-2aea51163a18,38,Female,India,Clothing,305.6,Cash,2025-01-01,Mobile,Yes
b9846bb8-4852-4bcd-b982-1d92da4b21a3,46,Female,Germany,Electronics,703.11,Debit Card,2024-06-19,Desktop,Yes
fc88e39c-c8be-4af0-b047-2335ffbb0680,38,Male,UK,Electronics,921.92,Cash,2024-12-29,Tablet,No
d05f7438-ab19-4d9e-80dd-778ab371bcd4,36,Male,India,Clothing,901.35,Debit Card,2025-12-23,Mobile,No
ea455036-18d8-49b0-941a-28fa38d0d7c7,43,Male,Australia,Home,58.33,Cash,2024-04-26,Desktop,No
c4db4345-4b1a-4f9e-bc0a-d5c3dec76931,24,Male,Germany,Clothing,1337.79,Debit Card,2024-08-24,Desktop,No
49560e23-b66e-4a52-8f89-752e284c31bc,28,Male,India,Books,1641.43,Debit Card,2024-04-28,Tablet,No
751ee66c-4eed-45ec-b9ad-3596737ec3af,37,Male,Germany,Clothing,370.83,Cash,2024-07-31,Mobile,Yes
fa519834-ead4-4eb4-9622-7b51fb4fbaa2,38,Female,Australia,Electronics,1168.81,Cash,2025-08-02,Tablet,No
52e5ba18-6076-45a2-affd-2b4033a6cb20,32,Female,USA,Home,525.25,PayPal,2024-04-30,Desktop,Yes
42b55fb8-2297-48c1-98c3-14fa25bb42aa,66,Male,USA,Sports,1630.88,Debit Card,2025-06-01,Tablet,Yes
1a35ce2c-1de6-40bd-8acf-03b5b2b0063a,67,Male,India,Electronics,264.46,Debit Card,2025-06-29,Mobile,Yes
926303c6-7195-454e-b9df-bea013889aba,68,Female,Canada,Home,214.86,Cash,2024-01-28,Mobile,Yes
1b2d0fad-e82f-475b-b865-9fcf90b4a681,23,Female,India,Home,154.94,PayPal,2024-06-01,Mobile,No
f0553121-ea4a-4418-bcf7-b8bbe52f21dd,28,Male,India,Electronics,894.4,Debit Card,2025-02-25,Tablet,No
d18229e3-4cf5-45a9-806a-50d239bd29fa,23,Male,India,Clothing,1816.2,PayPal,2025-11-19,Mobile,No
3d31b1eb-1427-4c8a-bf03-0b87319774ce,34,Female,Australia,Home,1734.92,PayPal,2024-02-24,Tablet,Yes
b34a22c1-abc5-4905-86bf-3ed9f27064a9,54,Male,Canada,Electronics,1873.22,Debit Card,2024-03-15,Desktop,No
c02c8dc1-caf1-47e9-9edf-60d33743998c,36,Female,Canada,Clothing,1613.92,Cash,2025-02-14,Mobile,Yes
262caada-95e2-4193-b2af-37a2e12a59fb,53,Male,India,Books,269.08,Credit Card,2024-10-20,Tablet,Yes
a85f11c2-c58d-4c08-8d03-535cf13ac4a7,28,Female,USA,Electronics,1921.45,PayPal,2024-03-07,Tablet,Yes
23542660-77f0-4dda-a6b5-7b03997756fb,46,Female,Australia,Electronics,836.96,Cash,2024-06-23,Mobile,No
b3b7f97c-cc22-48ad-81a5-c53dbab46d04,56,Female,India,Home,806.78,PayPal,2025-04-19,Desktop,No
98e8f9c5-865f-46c7-b490-d1b9955719aa,44,Female,Australia,Clothing,733.18,Debit Card,2025-03-17,Desktop,No
7767bf5e-08c4-47b8-baa0-81bd3bb30d17,61,Female,Canada,Home,910.73,PayPal,2025-08-17,Desktop,No
6ed0296c-be80-4487-9145-a724f096451e,59,Female,UK,Home,547.29,Cash,2024-01-23,Tablet,Yes
1ba94f6d-e7da-4aff-942d-9bd3a39431d0,51,Female,India,Home,516.19,Cash,2025-10-06,Tablet,Yes
f42b783b-05fb-4615-9a68-587fe02f2d20,45,Female,USA,Books,1309.79,Debit Card,2024-03-21,Tablet,Yes
0098eb19-2ac5-4dbc-9dc4-c960755dbb00,70,Male,India,Clothing,1326.83,PayPal,2025-07-15,Tablet,Yes
b9042cfd-7068-4aab-a58d-e2360fcfbbe6,19,Male,Australia,Home,1991.67,Debit Card,2024-01-14,Tablet,Yes
994c81a5-da31-4a1c-990a-8567c6521b9c,69,Female,Germany,Sports,1349.43,Debit Card,2025-02-24,Mobile,No
1a572e6e-62e3-4486-8665-cfd7ecdb7a75,30,Male,USA,Electronics,1973.15,Cash,2025-12-22,Mobile,No
6dd68769-447e-48e6-bb0f-b6c3923ffa41,50,Female,Canada,Sports,184.01,PayPal,2025-08-09,Desktop,Yes
b2fdac2e-7c49-43b0-9d77-64c7a37e19c6,55,Male,USA,Clothing,718.25,Credit Card,2025-04-01,Mobile,Yes
56a2d14b-add2-426d-8b28-f3e2290a46c6,28,Female,Germany,Home,1985.24,Debit Card,2024-05-28,Desktop,No
2464e177-e9d2-41d4-8399-15d0ffbbdf5f,40,Male,USA,Electronics,990.04,Credit Card,2024-09-20,Desktop,No
baafb33f-8894-4bdb-9c54-c827a5daafcf,39,Male,India,Electronics,1440.12,Cash,2024-05-23,Tablet,No
a70e5ce4-ca0b-4f8f-b35a-144bf732b0d6,29,Male,UK,Home,1764.9,Credit Card,2025-04-19,Desktop,Yes
92062405-0d65-478b-abd9-03f624f8affd,63,Female,USA,Books,325.93,Credit Card,2024-01-05,Mobile,No
83fc90cf-734f-4f8e-9ee5-27d112c0e84b,39,Male,Canada,Sports,1178.17,Debit Card,2024-12-14,Tablet,Yes
010a8235-94be-4a7b-9ceb-0ede69ebd7bd,37,Female,UK,Sports,120.98,PayPal,2025-12-30,Mobile,No
f762db9f-3aa6-4f5d-82ec-eaf9afc1bf57,47,Male,USA,Sports,1372.8,Credit Card,2025-11-10,Desktop,Yes
aab491a0-4889-4df1-bceb-14d2f87b0a8d,18,Female,Australia,Clothing,1696.23,Debit Card,2024-10-01,Mobile,No
24922b9a-52c1-4488-b385-1d12417d4123,22,Female,UK,Sports,1410.53,Debit Card,2024-02-29,Mobile,No
1f2c2d36-7775-4144-b54e-7345685881d8,50,Male,India,Sports,394.01,PayPal,2024-02-11,Desktop,No
f8d2053d-7648-496e-8f00-7c74e1ec7a3b,44,Male,UK,Electronics,1406.97,Debit Card,2024-04-23,Tablet,Yes
f8fea250-82a3-41ca-bda4-60ab81cf7b9d,58,Male,Australia,Electronics,1602.04,PayPal,2024-05-12,Mobile,Yes
3e81fcbf-696a-4dd7-acf8-585914d56507,23,Female,Germany,Home,573.59,Debit Card,2025-06-03,Desktop,Yes
5362ce5e-ae25-4a03-b27c-b57270daa527,22,Male,Germany,Sports,1494.9,Cash,2025-06-29,Tablet,No
3b70548e-344b-4498-9c61-cde8299eed50,30,Female,Canada,Sports,395.74,Debit Card,2024-05-25,Tablet,Yes
3a4902ca-1b5d-4f54-8084-59b5a739fa47,57,Male,Germany,Clothing,1905.83,Cash,2024-03-27,Tablet,No
8ed9e939-36e7-445a-940e-b36484b1129f,38,Male,Canada,Books,928.29,Debit Card,2025-10-24,Mobile,No
f110d7b0-71c5-480c-bae4-a013fcf33b10,33,Male,Germany,Books,731.5,Debit Card,2024-01-27,Desktop,No
bf77f1aa-124f-4916-b4b4-b7f61949e19e,22,Male,Australia,Clothing,1320.71,PayPal,2024-04-19,Mobile,No
4a656d88-18b3-4aad-9302-4e402e054970,54,Female,Australia,Home,1465.34,Debit Card,2025-11-28,Desktop,Yes
dd118a79-1120-4f30-9cfb-53b269975738,28,Female,USA,Clothing,1238.06,Credit Card,2025-11-22,Tablet,Yes
f1cc9a5c-6445-436b-b8d8-3c844ddb0b9a,51,Female,UK,Electronics,1710.98,PayPal,2024-12-22,Desktop,Yes
e8ffe566-b490-49b0-bc1c-37f5eb15b494,18,Male,Germany,Books,1225.78,Debit Card,2024-08-20,Tablet,No
38c5fe0e-464d-42a1-980d-fe723d45e35a,23,Male,USA,Home,80.87,Credit Card,2025-03-07,Tablet,No
4d6e7379-b9ca-4805-8317-225966bf0752,62,Female,USA,Electronics,934.06,Debit Card,2025-05-20,Mobile,Yes
d845b4ed-f0f5-4448-a05d-7e33eaf6e8f5,67,Male,UK,Electronics,251.32,Cash,2025-11-24,Desktop,Yes
77a0a06c-7964-4a36-92db-92ae030bebbd,20,Male,Australia,Home,1375.84,Debit Card,2025-04-24,Mobile,No
716a506f-9d86-48d1-9c95-a62e067b86b0,42,Male,USA,Clothing,1216.35,Cash,2024-03-13,Tablet,No
33930949-9a09-409d-8c68-c66181fd6512,31,Male,Germany,Home,66.86,PayPal,2024-05-22,Mobile,Yes
a0e2bf89-cb66-4ff4-a3d2-6a8446a62503,26,Female,Canada,Sports,1141.49,Cash,2025-12-25,Desktop,Yes
bf41dc0b-2317-467c-96e5-091a832e674f,41,Male,Australia,Books,1264.67,Debit Card,2024-10-15,Mobile,Yes
99f58da0-ad77-4e5f-bccf-b0a340cb3c0b,33,Female,Canada,Home,1405.33,Cash,2025-03-19,Desktop,No
33f96200-73e2-4d25-8abc-6067eeb6e6a4,36,Female,Canada,Home,1861.01,Debit Card,2025-03-15,Mobile,No
b8166acc-1129-4fef-9258-57b9443ce98d,22,Male,Australia,Home,1148.74,Debit Card,2024-04-26,Desktop,No
95a93528-6a43-47cc-a05c-0c83d0128737,44,Female,Australia,Books,235.56,Cash,2024-03-07,Tablet,No
58593c13-b48f-4a7a-8bf9-d0fabe29705a,20,Female,Australia,Books,907.28,Debit Card,2024-07-18,Mobile,Yes
33b5f390-3ff3-450f-b433-9f66daa0037b,30,Male,India,Books,218.94,Credit Card,2025-07-23,Mobile,No
3f74c6e6-7ecc-40e5-a9d5-77f8812b30f0,50,Male,USA,Electronics,1971.77,PayPal,2024-10-07,Mobile,No
5ed70079-c970-4e11-8616-8a396a07ffa4,49,Male,Canada,Books,123.87,PayPal,2025-05-09,Tablet,No
9b57ac90-b82c-4181-a4cc-cc65041f7370,38,Male,India,Books,722.8,Credit Card,2024-08-24,Mobile,No
7dd845a8-d429-4386-99bd-4f6ca2f25a54,65,Female,Germany,Home,832.37,PayPal,2024-04-16,Mobile,Yes
0b6a54f0-68ab-4a2c-a2d4-4a3cfc0745ab,26,Male,India,Electronics,1525.84,PayPal,2025-09-07,Mobile,No
2fa5849b-5b19-447d-82f1-d9d3b54e14a1,54,Male,Canada,Books,1006.7,PayPal,2024-07-21,Tablet,Yes
215802eb-a0ea-4b33-8de5-a1c7d68f9735,56,Female,Germany,Home,922.87,Cash,2025-10-11,Tablet,Yes
ec24cd8a-cdb3-4cf1-8d09-dbe110a75283,19,Female,India,Clothing,1950.53,Credit Card,2025-03-11,Desktop,No
003d0856-a82e-45a3-bda9-c6bdeba51483,38,Female,Canada,Books,1829.47,PayPal,2025-08-14,Desktop,Yes
78107cb8-2876-4973-bdc9-04a3e3ebd0a5,55,Female,Australia,Sports,81.11,PayPal,2024-03-14,Mobile,No
a3c39d8b-8b3a-43cd-b524-e297b77f3a51,66,Female,Canada,Electronics,581.01,PayPal,2024-09-12,Desktop,No
33822144-f423-47a8-8e1f-19e08a89c5a4,37,Male,USA,Home,1800.62,Credit Card,2025-08-08,Tablet,No
efb68965-87f0-4bc3-8f09-07fe5da99f42,54,Female,USA,Books,1741.87,Debit Card,2025-01-25,Tablet,No
b2de883a-7edf-4020-8422-da75081825d3,25,Male,USA,Books,501.26,Credit Card,2025-07-12,Mobile,Yes
6c9e3fa8-90a3-4b29-940c-7fc43f93d924,29,Female,USA,Sports,697.95,Debit Card,2025-07-16,Tablet,No
4f206238-941a-430f-b6cd-22e8d0393a39,20,Female,India,Sports,793.82,Debit Card,2024-01-25,Tablet,Yes
fb918151-e0c4-4657-b4a9-a09ca88dfe51,55,Male,Germany,Books,551.49,Debit Card,2024-04-02,Desktop,No
1f24ae90-36be-4eea-8be5-f419bca57164,38,Female,USA,Clothing,155.39,Cash,2024-06-30,Mobile,No
dfa5e853-8d24-4118-a95b-5eb256643ffe,27,Female,USA,Electronics,693.13,Cash,2024-02-17,Tablet,No
ee5d2965-0254-4e9c-9165-227ba0e608d5,65,Female,India,Home,362.33,Debit Card,2025-11-16,Mobile,No
6e313745-fd91-4590-9ba9-ebdae222039d,40,Female,Australia,Electronics,1109.4,Credit Card,2025-08-29,Desktop,No
072cece4-a4d9-4a85-a260-a45510ec4c3e,48,Female,Canada,Electronics,1385.82,Credit Card,2024-08-02,Desktop,No
9507da1b-e10f-4e1d-b642-d8fea2e17b18,21,Female,USA,Electronics,347.79,Credit Card,2025-04-25,Mobile,No
f7d4354d-ec47-4f7f-bca8-f19d10d10072,57,Female,Australia,Sports,543.76,Cash,2024-09-06,Tablet,No
56ff1636-17cb-4865-9e94-8449b993fad8,35,Male,Germany,Home,1178.7,Debit Card,2025-07-10,Tablet,No
e18c1a2a-764b-4802-96d2-0a6f7ac5fb6d,54,Female,USA,Home,1400.45,Credit Card,2025-09-08,Mobile,Yes
e4abc5f5-dbbb-4bb3-b19b-c73e8fa6d4f4,65,Female,Germany,Clothing,1387.05,PayPal,2024-05-09,Tablet,No
30a581cd-1b85-4cfc-b847-37a4dd9ab233,29,Male,India,Clothing,1708.65,Credit Card,2024-10-22,Tablet,No
2ca9c0aa-b03c-434c-bf1d-0decb7c553e8,56,Male,UK,Electronics,957.74,PayPal,2025-09-15,Tablet,Yes
832e0821-e831-4ab5-9888-017e1c6f7144,31,Female,India,Electronics,680.46,Debit Card,2025-02-22,Desktop,No
f8ffef7e-352f-4d1a-8aaa-f6b030e816b9,47,Female,Canada,Sports,1528.37,PayPal,2024-02-05,Desktop,Yes
4f0d71b2-b04d-487d-97b3-5ca487f0fa03,59,Female,USA,Home,1532.31,PayPal,2024-02-27,Desktop,Yes
7be92253-ea70-45b1-81ab-2b64f10213ae,53,Male,Canada,Home,358.35,Debit Card,2024-07-11,Tablet,Yes
753efefc-4b4e-4a8d-96af-c4f7239b65c0,39,Female,Germany,Sports,1183.68,Debit Card,2024-11-10,Mobile,Yes
5c15ad1a-2e6d-4da3-a0af-ed2bf8796f97,24,Male,Germany,Clothing,598.11,Debit Card,2024-01-18,Mobile,No
fe4c74a1-4c89-469b-a25c-3d931f6ad1ee,53,Male,Australia,Books,310.6,PayPal,2025-10-18,Mobile,No
92fa5132-8487-4262-ac72-4645b529ccf7,21,Female,Germany,Books,1982.03,PayPal,2024-12-17,Desktop,No
b7fbc77c-d649-4f94-bff8-e84912b3c18d,23,Male,Germany,Clothing,750.68,PayPal,2025-11-07,Tablet,No
